words,comment
eggs,11
meetup,11
különböző,11
warm,11
likelihood,11
blatantly,11
adaptation,11
walkthrough,11
hire,11
muito,11
reinforcements,11
elf,11
rftg,11
afterward,11
alle,11
ip,11
nukes,11
engineer,11
fighter,11
shopping,11
divisions,11
assumptions,11
agonizingly,11
respond,11
superficial,11
surviving,11
tikal,11
persuaded,11
fishing,11
sentido,11
stream,11
daughters,11
inspiring,11
crawlers,11
calculator,11
touched,11
bouncing,11
drafted,11
midway,11
flips,11
offender,11
props,11
modes,11
booooring,11
prebgg,11
exceed,11
degenerates,11
guidance,11
accomplishing,11
rhyme,11
helipad,11
semicoop,11
slowed,11
det,11
gamei,11
mines,11
egész,11
china,11
describes,11
configurations,11
span,11
boil,11
phrases,11
grandma,11
responses,11
festival,11
nemesis,11
flexibility,11
cleverly,11
compounded,11
sample,11
stellar,11
hangouts,11
kings,11
yell,11
wording,11
gigantic,11
articles,11
smoke,11
wider,11
tone,11
clarifications,11
plethora,11
readily,11
trace,11
substandard,11
twisted,11
files,11
devolve,11
private,11
unremarkable,11
sentinels,11
sensible,11
virus,11
gente,11
downgrade,11
tax,11
beneath,11
casting,11
ii,11
prolong,11
chew,11
pilot,11
está,11
egypt,11
phones,11
decidedly,11
breakdown,11
artificially,11
generates,11
unanswered,11
gws,11
camping,11
priority,11
ambiguity,11
restaurant,11
aweful,11
circus,11
preparation,11
redesign,11
lid,11
prince,11
sail,11
established,11
anyones,11
akár,11
government,11
fame,11
titan,11
dentist,11
coast,11
houserules,11
file,11
lend,11
scattered,11
conceived,11
witch,11
upper,11
essayé,11
repair,11
chesslike,11
motor,11
piled,11
pledge,11
adversaires,11
willingness,11
deductive,11
setcollection,11
bundle,11
tale,11
underlying,11
struck,11
disconnect,11
luckdependent,11
pvp,11
surrounding,11
sufficient,11
generosity,11
whomever,11
habituellement,11
resist,11
wheels,11
genres,11
crack,11
nos,11
pets,11
psychology,11
compelled,11
ffgs,11
indication,11
bread,11
aan,11
dinner,11
sky,11
oriented,11
whistles,11
cuba,11
casually,11
két,11
comprehend,11
specialized,11
competent,11
notion,11
appalling,11
capable,11
pedestrian,11
covers,11
favors,11
offset,11
mindenki,11
marines,11
anime,11
heap,11
november,11
neighbors,11
succeeds,11
accumulate,11
voted,11
ordered,11
unrelated,11
vraiment,11
meantime,11
laughably,11
outrageous,11
creepy,11
screams,11
évite,11
optimisation,11
foolish,11
ammo,11
motivated,11
timeconsuming,11
masses,11
soft,11
wenig,11
splitting,11
richgetricher,11
quiet,11
aki,11
coasters,11
royal,11
ants,11
debate,11
loops,11
acknowledge,11
joueur,11
puzzling,11
mathematically,11
easiest,11
conceivable,11
photos,11
creations,11
dissapointment,11
classroom,11
attach,11
buddies,11
usa,11
hangman,11
murderer,11
scrap,11
washed,11
hunter,11
hm,11
customers,11
waits,11
deny,11
tous,11
capabilities,11
seldom,11
rendering,11
cockroach,11
achievement,11
immense,11
bend,11
worlds,11
discs,11
karten,11
opt,11
temples,11
shaped,11
stunning,11
relation,11
switching,11
ave,11
deckbuilders,11
undo,11
talán,11
exclusively,11
lnoe,11
mechs,11
inane,11
league,11
potato,11
fallout,11
rocket,11
exam,11
sabotage,11
einem,11
patchwork,11
anticlimatic,11
bosses,11
elder,11
inaccurate,11
drove,11
fulfilling,11
chez,11
birds,11
tally,11
gas,11
bitter,11
approximately,11
dumbest,11
mash,11
masters,11
pizza,11
inner,11
quitting,11
endure,11
overlook,11
border,11
emotional,11
pushes,11
jest,11
workable,11
jugado,11
crafted,11
cashing,11
sandwich,11
beneficial,11
fuel,11
wizkids,11
unreadable,11
fait,11
rethemed,11
crawls,11
magnets,11
interlocking,11
banal,11
wake,11
után,11
snitch,11
teenagers,11
cette,11
plant,11
carrying,11
height,11
chunk,11
differentiate,11
mejor,11
cheapest,11
ambitious,11
loan,11
communicate,12
catapult,12
palatable,12
claimed,12
workerplacement,12
ceiling,12
interpret,12
prestige,12
uwe,12
suis,12
nog,12
outer,12
delayed,12
nincs,12
unsatisfactory,12
tiring,12
snowballing,12
rudimentary,12
intricate,12
blend,12
hollow,12
shorten,12
worms,12
corresponding,12
lifeless,12
bastante,12
werden,12
mountains,12
crude,12
represented,12
barrel,12
fitting,12
flop,12
coloretto,12
cast,12
ack,12
fist,12
gender,12
fired,12
edgy,12
fatal,12
maar,12
troll,12
heshe,12
dumped,12
cult,12
fiction,12
bias,12
logged,12
batman,12
rendered,12
miles,12
marks,12
explanations,12
credits,12
joined,12
standalone,12
forgiving,12
yatzee,12
tremendously,12
computers,12
workshop,12
mindlessly,12
student,12
hostile,12
john,12
safely,12
rocks,12
mathy,12
hordes,12
harvest,12
caesar,12
batteries,12
facedown,12
matrix,12
conscience,12
figs,12
twister,12
ally,12
kramer,12
chocolate,12
opposition,12
treatment,12
risky,12
leider,12
bent,12
benne,12
tigris,12
runde,12
instances,12
hinges,12
presumably,12
japan,12
density,12
occupation,12
detracts,12
colorblind,12
september,12
bond,12
dismal,12
oca,12
microgame,12
awfull,12
tremendous,12
handy,12
beta,12
bills,12
funnier,12
implication,12
memorization,12
nonetheless,12
oldschool,12
shockingly,12
aeg,12
insist,12
ancients,12
sinking,12
drivel,12
notably,12
sees,12
progressed,12
es,12
reinforcement,12
mold,12
retarded,12
disgust,12
spends,12
deadly,12
swapping,12
tipo,12
covering,12
bora,12
pax,12
buzzer,12
financial,12
locally,12
garfield,12
skin,12
legs,12
training,12
fonts,12
mar,12
thieves,12
dense,12
worried,12
replayable,12
decently,12
refresh,12
imaginable,12
siege,12
shocking,12
stefan,12
arguably,12
aus,12
demands,12
vicious,12
void,12
summer,12
meme,12
assemble,12
tengo,12
dissapointed,12
stakes,12
streamlining,12
enginebuilding,12
einen,12
hotels,12
princess,12
traveling,12
mats,12
extended,12
parody,12
stratégie,12
eastern,12
structured,12
preference,12
define,12
skillful,12
sub,12
personality,12
nieces,12
substantial,12
maintain,12
beach,12
über,12
indistinguishable,12
soo,12
strip,12
court,12
hanabi,12
raid,12
maker,12
diverse,12
wished,12
gallery,12
greed,12
calculated,12
moot,12
auto,12
looney,12
wagers,12
widely,12
loosing,12
fulfilled,12
global,12
leg,12
assassin,12
sleeved,12
selltrade,12
laser,12
werewolves,12
president,12
staple,12
extras,12
performing,12
repetative,12
arcane,12
grownups,12
shes,12
schnell,12
exacerbated,12
definitions,12
landscape,12
scotland,12
insipid,12
sufficiently,12
respawn,12
goddamn,12
aggravation,12
presence,12
tropes,12
crummy,12
backing,12
disappointments,12
ennyi,12
ludicrously,12
sources,12
evident,12
obtained,12
illustration,12
permanent,12
patch,12
avalanche,12
pokemon,12
updating,12
studying,12
packaged,12
busted,12
lifetime,12
alea,12
lebryants,12
marginal,12
sticking,12
solutions,12
breath,12
yucata,12
shock,12
modifications,12
enable,12
engines,12
leuk,12
nutshell,12
starters,12
fuzzy,12
bandwagon,12
aimlessly,13
seafall,13
thinky,13
delivers,13
television,13
abstracted,13
reactions,13
commercial,13
parking,13
nuff,13
slip,13
shortly,13
sized,13
elaborate,13
minority,13
obstacles,13
helpless,13
battletech,13
il,13
ohne,13
acquisition,13
promo,13
partial,13
spark,13
applies,13
insight,13
sexist,13
wine,13
lovecraftian,13
favorites,13
silence,13
mitigating,13
wit,13
closing,13
practical,13
motivation,13
fortunate,13
nephews,13
jobs,13
finishes,13
preliminary,13
ezt,13
emperor,13
wearing,13
optimally,13
transparent,13
calls,13
unimaginative,13
extensions,13
trumps,13
signs,13
slapping,13
woman,13
tossing,13
joyless,13
bowling,13
highlight,13
hefty,13
division,13
vele,13
spielen,13
overlord,13
typos,13
deliberately,13
perceived,13
participate,13
mehr,13
stake,13
azar,13
mattered,13
nota,13
nauseum,13
welldesigned,13
inventions,13
albeit,13
wieder,13
produces,13
exposed,13
inducing,13
resemblance,13
sells,13
overwhelmingly,13
occupy,13
pegs,13
ethnos,13
mis,13
sequences,13
zones,13
jeunes,13
survivors,13
receives,13
slots,13
calculation,13
loving,13
oops,13
textbook,13
delay,13
beauty,13
baked,13
develops,13
dedicated,13
carcassone,13
porque,13
fed,13
aforementioned,13
suspense,13
certains,13
flux,13
department,13
mesh,13
accuracy,13
supports,13
deception,13
travesty,13
français,13
interests,13
paste,13
uh,13
misleading,13
address,13
acquiring,13
drawnout,13
proved,13
insulting,13
society,13
yield,13
amateurish,13
spiele,13
staff,13
stat,13
monstrosity,13
xwing,13
york,13
mentally,13
nonintuitive,13
surprises,13
begging,13
awake,13
cattle,13
insisted,13
machines,13
boost,13
skirmish,13
après,13
milestones,13
improves,13
bug,13
awarded,13
tickets,13
spiteful,13
creators,13
punishes,13
screen,13
eights,13
loaded,13
relying,13
constructed,13
altogether,13
excel,13
mashup,13
muddled,13
forms,13
teens,13
kingsburg,13
entertained,13
venus,13
drawings,13
commands,13
keeper,13
baffled,13
cruise,13
nicer,13
niece,13
teenager,13
spring,13
expense,13
exceptionally,13
whee,13
cutting,13
adequate,13
dwarf,13
puede,13
foreign,13
ilyen,13
article,13
bastard,13
ownership,13
bags,13
coffee,13
favorable,13
hasard,13
warped,13
cardstock,13
ladder,13
pyramids,13
suspicion,13
accordingly,13
binary,13
burger,13
hair,13
veteran,13
medici,13
proceed,13
gate,13
minigames,13
nov,13
fare,13
unwieldy,13
dash,13
consecutive,13
gran,13
hatred,13
captured,13
aggressively,13
chest,13
basement,13
smash,13
mobile,13
historic,13
dinosaurs,13
resembling,13
definite,13
detective,13
pickupanddeliver,13
unused,13
aborted,13
investigators,13
boom,13
retro,13
pie,13
discussions,13
rps,13
truck,13
optimum,13
waaay,13
cohesion,13
binding,13
reflexes,13
lately,13
cancel,13
trajan,13
attic,13
band,13
obtain,13
undone,13
shouldve,13
chuckle,13
downhill,13
hom,13
játékban,13
carte,13
naked,13
encouraging,13
majorities,13
grabbed,13
married,13
dangerous,14
cleaner,14
jumped,14
attitude,14
bei,14
continent,14
gears,14
már,14
ps,14
returned,14
eternity,14
opinions,14
um,14
individuals,14
ressources,14
python,14
nondéterminés,14
été,14
boooring,14
inspire,14
stupidity,14
church,14
grit,14
keywords,14
disease,14
entering,14
slam,14
hisher,14
comedy,14
disastrous,14
episode,14
darn,14
wandering,14
bornes,14
aircraft,14
ganging,14
tradition,14
female,14
damned,14
vault,14
tier,14
reducing,14
craps,14
consist,14
taboo,14
contrived,14
danger,14
viking,14
gap,14
wounds,14
jamais,14
contrast,14
towers,14
hopeless,14
chef,14
voor,14
clones,14
amateur,14
mitigated,14
newbie,14
reader,14
counterintuitive,14
crystals,14
invasion,14
hassle,14
basics,14
consuming,14
flags,14
upgrading,14
shelves,14
marketed,14
memorable,14
estate,14
european,14
dick,14
paris,14
arithmetic,14
mysteries,14
translate,14
sturdy,14
output,14
etou,14
hazard,14
trop,14
hrs,14
scs,14
visuals,14
bound,14
inappropriate,14
tactically,14
consistent,14
équipes,14
fathom,14
spies,14
freedom,14
realy,14
kicks,14
willingly,14
glaring,14
dunno,14
answered,14
negate,14
affected,14
relationship,14
classes,14
buttons,14
releases,14
addictive,14
boxed,14
shout,14
russians,14
bottle,14
inlaws,14
fought,14
visible,14
successes,14
crammed,14
mindnumbingly,14
specially,14
disgusting,14
web,14
measuring,14
sudoku,14
disasters,14
fiddliness,14
brutally,14
tldr,14
egyptian,14
sudden,14
seat,14
functions,14
song,14
shifting,14
ups,14
worn,14
crossword,14
dungeons,14
expanding,14
simplest,14
sehr,14
esp,14
sorely,14
bsw,14
kingdoms,14
intentions,14
objectively,14
ya,14
illustrated,14
hills,14
maneuvering,14
joking,14
guesswork,14
cluttered,14
challenged,14
unbelievable,14
multiples,14
mexican,14
representing,14
nose,14
mythos,14
recommandé,14
namely,14
solitary,14
pub,14
honey,14
ludicrous,14
bothers,14
icon,14
goose,14
meta,14
pink,14
hook,14
overhaul,14
excercise,14
developers,14
precisely,14
paradox,14
agenda,14
africa,14
luster,14
dreaded,14
topics,14
bells,14
veneer,14
sword,14
wacky,14
clans,14
admire,14
evoke,14
reserve,14
tad,14
rats,14
nap,14
spoilers,14
stink,14
surpassed,14
natural,14
commitment,14
micro,14
subjected,14
mindnumbing,14
predecessor,14
azt,14
lived,14
bears,14
allocation,14
objects,14
túl,14
moderate,14
retreat,14
ra,14
bleah,14
traits,14
farming,14
curse,14
scales,14
fluffy,14
partially,14
mixture,14
dwarves,14
projects,14
ǝɥʇ,14
socalled,14
absence,15
maze,15
inherent,15
collectors,15
repeating,15
explains,15
redundant,15
aware,15
lighthearted,15
nimmt,15
lowering,15
butt,15
default,15
clearer,15
voice,15
maximize,15
boggle,15
thread,15
jugadores,15
varied,15
fairness,15
machi,15
creator,15
coloured,15
tolerate,15
matched,15
tout,15
impossibly,15
reaches,15
crying,15
craze,15
semi,15
nach,15
repetetive,15
behavior,15
rebel,15
ed,15
vinci,15
roped,15
tales,15
arrived,15
se,15
splendor,15
firstly,15
generals,15
distraction,15
frantic,15
april,15
bohnanza,15
confuse,15
contrary,15
inflict,15
sand,15
evaluate,15
pony,15
battlefield,15
polished,15
autres,15
childs,15
inherently,15
fart,15
nevertheless,15
wings,15
forum,15
firing,15
ingenious,15
superb,15
costly,15
triggers,15
crystal,15
tycoon,15
regards,15
whack,15
destroys,15
discovery,15
beforehand,15
abstraction,15
riddle,15
attributes,15
hay,15
luckiest,15
cuts,15
destruction,15
parent,15
glue,15
gladly,15
trades,15
exclusive,15
dreary,15
mandatory,15
artistic,15
achieved,15
capturing,15
ponderous,15
independent,15
rondel,15
opaque,15
monotony,15
wondered,15
cheated,15
peut,15
ironically,15
blatant,15
timed,15
knocking,15
saboteur,15
traitors,15
laughed,15
digging,15
resulted,15
identify,15
darkness,15
artifacts,15
pastime,15
marble,15
thrilling,15
soviets,15
semmi,15
corrected,15
characteristics,15
booster,15
sailing,15
ranks,15
reveals,15
constraints,15
columns,15
enthusiastic,15
roleplay,15
extend,15
borders,15
ttr,15
representation,15
editing,15
eagle,15
vein,15
chasing,15
bggs,15
divided,15
shipped,15
museum,15
incentives,15
rossz,15
inspiration,15
louie,15
defenders,15
stages,15
jerk,15
honor,15
advantages,15
absent,15
clarity,15
landed,15
drudgery,15
crash,15
sales,15
illogical,15
heal,15
destination,15
shoddy,15
pastedon,15
disturbing,15
myth,15
fourplayer,15
thoughtful,15
kicsit,15
italian,15
dinosaur,15
messed,15
artists,15
puns,15
recipe,15
dos,15
interpretation,15
crowded,15
koro,15
convincing,15
receiving,15
intrigued,15
targets,15
theoretically,15
quits,15
hearts,15
stole,15
completion,15
mutations,15
incorrect,15
snap,15
contention,15
penguins,15
eager,15
hacer,15
minden,15
fence,15
rote,15
cousins,15
generated,15
port,15
joué,15
user,15
urgh,15
tails,15
mich,15
dass,15
wargamers,15
geeks,16
sorta,16
hunting,16
consisted,16
dullest,16
dictionary,16
conclude,16
wargamer,16
pursue,16
tricorne,16
swear,16
fat,16
storm,16
spawned,16
bogged,16
cheaply,16
moral,16
detest,16
redeem,16
mystica,16
opposing,16
spieler,16
recycled,16
verdict,16
eliminates,16
mixing,16
tilelaying,16
substitute,16
manager,16
turkey,16
variability,16
pale,16
fruit,16
handling,16
alter,16
dominate,16
versa,16
vasel,16
increased,16
contain,16
eliminating,16
pet,16
sentence,16
served,16
maneuver,16
crapshoot,16
constrained,16
brass,16
consistently,16
considerable,16
silliness,16
sliding,16
berg,16
sharp,16
thrifted,16
morning,16
fastest,16
dogs,16
outstanding,16
shudder,16
nah,16
devastating,16
replacing,16
lands,16
rebuild,16
rights,16
bets,16
epitome,16
prime,16
com,16
mastermind,16
soured,16
buyer,16
revolves,16
beginner,16
owners,16
flash,16
exploit,16
játékot,16
fiddling,16
noises,16
underwhelmed,16
bga,16
neverending,16
tichu,16
slowing,16
strongest,16
mundane,16
depend,16
discuss,16
trashed,16
storyline,16
nagy,16
guillotine,16
unusable,16
unoriginal,16
upgraded,16
commit,16
genius,16
bridges,16
deserved,16
ami,16
network,16
intensely,16
ducks,16
flag,16
reasoning,16
meeting,16
vannak,16
evolution,16
largest,16
descriptions,16
tossed,16
abomination,16
defender,16
nations,16
restricted,16
efficiently,16
alhambra,16
tic,16
screaming,16
prizes,16
wifes,16
italy,16
realm,16
weather,16
paragraph,16
cdg,16
rat,16
beautifully,16
integration,16
trucker,16
assumed,16
traps,16
outstays,16
vice,16
landing,16
purposes,16
pos,16
ambiguities,16
declare,16
featuring,16
ks,16
pun,16
mild,16
cruel,16
juan,16
father,16
staying,16
flick,16
simulator,16
severe,16
amazed,16
cultural,16
niche,16
literal,16
memorizing,16
appeared,16
operational,16
terraforming,16
booklet,16
sport,16
nunca,16
toilet,16
struggling,16
embarrassed,16
feed,16
esta,16
euchre,16
jahres,16
resolving,16
coffin,16
scarce,16
simulating,16
demasiado,16
dose,16
introductory,16
fraction,16
nous,16
mille,16
drain,16
visit,16
cc,16
printing,17
agonizing,17
facts,17
beats,17
buck,17
ingredients,17
golf,17
boo,17
origins,17
aux,17
neutral,17
moderately,17
library,17
huh,17
masterpiece,17
sleeves,17
gaps,17
affects,17
stopping,17
beginners,17
beast,17
capacity,17
consequence,17
racist,17
massively,17
homework,17
smooth,17
chip,17
merits,17
tug,17
hurting,17
grain,17
fifteen,17
pretends,17
messing,17
provinces,17
advances,17
closed,17
scaling,17
punish,17
autopilot,17
laughter,17
intent,17
facing,17
triggered,17
anyhow,17
toddler,17
unfunny,17
wie,17
randomized,17
maths,17
stomach,17
shots,17
holmes,17
assigned,17
cartoon,17
votes,17
producing,17
ruling,17
recreate,17
több,17
cycle,17
kicked,17
office,17
infinitely,17
pants,17
lcg,17
prolonged,17
demand,17
clock,17
collectable,17
hace,17
teen,17
annoy,17
lunch,17
dreck,17
vegas,17
skull,17
interacting,17
unengaging,17
cleaning,17
trump,17
handed,17
marred,17
relic,17
lastly,17
wenn,17
sheriff,17
reaching,17
chaque,17
skipping,17
confirmed,17
arm,17
scythe,17
bah,17
criticism,17
monty,17
superhero,17
beg,17
longterm,17
figurines,17
camelot,17
dramatic,17
pickup,17
fog,17
dictate,17
kell,17
bell,17
ties,17
starstarhalfstarnostarnostar,17
tweaking,17
dem,17
inelegant,17
oatmeal,17
distributed,17
wizards,17
uncertainty,17
islands,17
fluid,17
subpar,17
deductions,17
towns,17
stare,17
couldve,17
answering,17
pig,17
subtle,17
sdj,17
règles,17
acting,17
delivery,17
shields,17
aggravating,17
lap,17
victoire,17
picks,17
eine,17
hmmm,17
survival,17
havre,17
hiding,17
contribute,17
dressed,17
compensation,17
duck,17
thirty,17
react,17
elephant,17
dr,17
disconnected,17
emphasis,17
retheme,17
defending,17
sorting,17
judging,17
authors,17
solvable,17
string,17
flush,17
usability,18
hosed,18
destiny,18
ver,18
iii,18
kingdom,18
suggests,18
october,18
dude,18
pointed,18
minions,18
tear,18
operation,18
superfluous,18
shine,18
labyrinth,18
wits,18
thereby,18
ideal,18
reminder,18
requirement,18
combats,18
thunderstone,18
soso,18
grows,18
yelling,18
publication,18
wwi,18
stupidly,18
reached,18
nephew,18
sacrifice,18
meanwhile,18
considerably,18
clash,18
argument,18
eldritch,18
bunny,18
generator,18
motions,18
jouer,18
advertising,18
napoleonic,18
ranked,18
village,18
arrive,18
pacing,18
complaint,18
handled,18
eagerness,18
negotiate,18
gamey,18
merchant,18
realism,18
showed,18
partly,18
suicide,18
horrific,18
akin,18
sind,18
cats,18
remake,18
chit,18
limitations,18
jai,18
wave,18
spawn,18
lesser,18
shooting,18
uncontrollable,18
afternoon,18
lopsided,18
duels,18
peu,18
chase,18
loosely,18
tiene,18
impulse,18
chooses,18
secretly,18
spanish,18
immersive,18
ludo,18
wizard,18
simpsons,18
hall,18
formula,18
immensely,18
modifier,18
news,18
unthematic,18
junior,18
strangely,18
offense,18
expert,18
assault,18
dramatically,18
tweaks,18
procedural,18
dread,18
contact,18
adjust,18
repetition,18
carrots,18
politics,18
creation,18
frame,18
buddy,18
chicken,18
awards,18
pocket,18
drives,18
uma,18
dullness,18
todo,18
measure,18
juvenile,18
south,18
stocks,18
stored,18
blackjack,18
indicate,18
selected,18
ease,18
defeated,18
pyramid,18
naturally,18
taxes,18
belief,18
dynamics,18
improvements,18
portable,18
mouse,18
cranium,18
hungry,18
accurately,18
frustratingly,18
laughable,18
extensive,18
mishmash,18
ultra,18
hulk,18
dots,18
sherlock,18
destroying,18
shiny,18
letting,18
em,18
spelling,18
aburrido,18
camels,18
piss,18
ordinary,18
jail,18
mice,18
intense,18
legos,18
bill,18
backers,18
conquer,18
skipped,18
twists,18
spoiled,18
cousin,18
morale,18
hippos,18
cheesy,19
mon,19
youngest,19
translated,19
unappealing,19
lightweight,19
fallen,19
tray,19
nongame,19
freaking,19
grey,19
tasteless,19
akkor,19
disney,19
fascinating,19
zman,19
modify,19
mere,19
cluedo,19
asymmetrical,19
police,19
carrot,19
squad,19
roman,19
moreover,19
americans,19
advertised,19
stays,19
bust,19
soooo,19
drama,19
metagame,19
gamble,19
plane,19
hitler,19
heroquest,19
futile,19
france,19
worry,19
anyways,19
galactica,19
prize,19
stuffed,19
publishing,19
amazingly,19
stops,19
robo,19
primarily,19
layer,19
generation,19
unbearable,19
chart,19
cow,19
importance,19
handles,19
medieval,19
permanently,19
object,19
walked,19
biased,19
enthusiasm,19
dominated,19
wander,19
szerintem,19
requiring,19
incomprehensible,19
periods,19
myriad,19
btw,19
purple,19
gut,19
professional,19
rising,19
ruining,19
queen,19
probabilities,19
nongamer,19
colossal,19
bores,19
upside,19
theming,19
amusement,19
accident,19
statement,19
nonsensical,19
plodding,19
codenames,19
contents,19
countless,19
wash,19
compensate,19
temps,19
payout,19
sending,19
pleasing,19
margin,19
upset,19
parker,19
poo,19
secondary,19
overhead,19
sons,19
statistics,19
occasion,19
hearing,19
punched,19
variance,19
notes,19
progresses,19
absurdly,19
bashing,19
campaigns,19
heroscape,19
strengths,19
industry,19
steer,19
snooze,19
finicky,19
backs,19
stood,19
mafia,19
adapt,19
netrunner,19
realms,19
listening,19
ignored,19
reminiscent,19
grant,19
intérêt,19
neighbor,19
battling,19
boosters,19
dreadfully,19
legal,19
remarques,20
accomplished,20
sok,20
buzz,20
feedback,20
film,20
wonky,20
childish,20
riding,20
population,20
pot,20
scene,20
baseball,20
slot,20
snore,20
lite,20
telestrations,20
merchants,20
gains,20
thousand,20
abrégés,20
encouraged,20
western,20
decline,20
xdlmaoooohoahaohoh,20
pulls,20
banana,20
preventing,20
thousands,20
intelligent,20
unenjoyable,20
noch,20
painting,20
cutthroat,20
root,20
nekem,20
sich,20
corps,20
silver,20
hopelessly,20
classics,20
bus,20
career,20
combining,20
modular,20
prepare,20
fuss,20
forbidden,20
skilled,20
jatek,20
sober,20
vital,20
forest,20
tac,20
struggled,20
pitch,20
dream,20
timeline,20
planned,20
fooled,20
desperate,20
âge,20
excruciatingly,20
posted,20
reviewers,20
panzer,20
ashamed,20
crayon,20
jumping,20
narrow,20
bones,20
impress,20
programmed,20
így,20
ingame,20
wholly,20
crusoe,20
poster,20
personnelles,20
record,20
commander,20
mathematical,20
aesthetic,20
noone,20
hack,20
sans,20
salt,20
thrill,20
contract,20
quote,20
notch,20
dare,20
misses,20
curious,20
très,20
basketball,20
enormous,20
backgammon,20
gifted,20
wrap,20
inclined,20
fragile,20
stores,20
shapes,20
alley,20
predetermined,20
proves,20
mother,20
cabin,20
occurs,20
vampire,20
wii,20
hinder,20
diversion,20
empires,20
unplayed,20
sooo,20
comfortable,20
mitigatable,20
bullshit,20
duel,20
checks,20
pourrait,20
investing,20
wretched,20
samurai,20
controversy,20
jugar,20
reliant,21
spoiler,21
dump,21
shrink,21
began,21
hanging,21
punished,21
numbered,21
wreck,21
mert,21
principle,21
russia,21
riddles,21
trip,21
garage,21
tracking,21
join,21
suffering,21
lasting,21
walking,21
essence,21
risks,21
sun,21
fin,21
wipe,21
accidentally,21
revisit,21
captain,21
pen,21
miserably,21
street,21
idiotic,21
phrase,21
alternatives,21
modified,21
elég,21
union,21
girl,21
kann,21
law,21
passion,21
aka,21
cents,21
tv,21
dutch,21
drastically,21
movements,21
heavier,21
intrigue,21
restrictive,21
unusual,21
midgame,21
decade,21
crushed,21
confrontation,21
commentaires,21
discount,21
popomatic,21
checked,21
teacher,21
convert,21
blog,21
distinct,21
aimed,21
suffered,21
argh,21
instruction,21
crucial,21
soviet,21
runebound,21
layers,21
crush,21
hammer,21
display,21
appeals,21
continually,21
packaging,21
grabbing,21
rpgs,21
damaged,21
unforgivable,21
cartes,21
downside,21
chapter,21
arms,21
park,21
driving,21
hating,21
capital,21
tribes,21
civil,21
blows,21
targeted,21
blown,21
informations,21
hunters,21
thief,21
keen,21
circles,21
intentionally,21
smile,21
steaming,21
pairs,21
prove,21
unrealistic,21
horses,21
regions,21
rotate,21
keys,21
einfach,21
dumbed,21
fixing,21
shall,21
haha,21
hotel,21
san,21
obtuse,21
bare,22
canal,22
lords,22
dudes,22
wrapped,22
immersion,22
battlestar,22
charming,22
stations,22
throws,22
cooperation,22
fashion,22
positioning,22
ans,22
artist,22
someday,22
oddly,22
valid,22
pissed,22
exhausted,22
fortune,22
cared,22
concerned,22
shuffled,22
obsolete,22
owns,22
august,22
ick,22
panic,22
victim,22
sanity,22
poop,22
listen,22
uncomfortable,22
edges,22
suited,22
sheets,22
developing,22
saves,22
identity,22
presents,22
restrictions,22
itch,22
bggcon,22
advice,22
sections,22
intend,22
collected,22
oversized,22
complaints,22
slide,22
prepared,22
chucking,22
instant,22
praise,22
dan,22
profit,22
passes,22
soooooooooo,22
uptime,22
harry,22
wound,22
fields,22
providing,22
immediate,22
learnteach,22
discarded,22
lies,22
evidence,22
discovering,22
baaaaaaaad,22
refused,22
sits,22
sooooo,22
bankrupt,22
image,22
mancala,22
drab,22
j,22
rely,22
bumped,22
slapped,22
former,22
strikes,22
wore,22
imbalance,22
sleep,22
awfully,22
preferred,22
snoozefest,22
menos,22
gained,22
similarly,22
calculations,22
limiting,22
surface,22
feet,22
spades,22
century,22
volume,22
videos,22
innovation,22
selecting,22
shadows,22
reset,23
fresh,23
nights,23
nuts,23
flgs,23
negotiations,23
internet,23
frequent,23
pleasure,23
richard,23
conquest,23
activation,23
button,23
attacker,23
não,23
controlling,23
increasing,23
historically,23
gods,23
tools,23
fear,23
pacific,23
scratch,23
letdown,23
accept,23
appearance,23
optional,23
east,23
publics,23
doubles,23
domain,23
belongs,23
stress,23
deduce,23
march,23
scope,23
earned,23
pro,23
sucker,23
forums,23
drops,23
sole,23
caring,23
knockoff,23
integrated,23
july,23
bullet,23
arena,23
protect,23
monkey,23
uneven,23
bearable,23
pictionary,23
bases,23
corners,23
categories,23
thick,23
st,23
gimmicky,23
implement,23
slap,23
famous,23
souls,23
publishers,23
request,23
planes,23
cake,23
shark,23
dit,23
alliance,23
bomb,23
rushed,23
villain,23
aim,23
trapped,23
column,23
worthy,23
retail,23
tag,23
fourth,23
ninja,23
subsequent,23
sums,23
hurts,23
rows,23
acquired,23
net,23
hasbro,23
sloppy,23
countries,23
brief,23
mans,23
distinguish,23
efficiency,23
secondly,23
noisy,23
stretch,23
brothers,23
shadow,23
living,23
realizing,23
june,23
terra,23
requirements,23
niet,23
blame,23
zone,23
allied,23
deterministic,23
physically,23
balls,23
questionable,23
bargain,23
collector,23
partida,24
partidas,24
tendency,24
communication,24
potter,24
starstarstarhalfstarnostar,24
finds,24
downgraded,24
strategize,24
germany,24
embarrassing,24
winners,24
favour,24
connected,24
railroad,24
eating,24
territories,24
quiz,24
theyll,24
rally,24
persons,24
reduces,24
fillers,24
hardcore,24
builders,24
weaker,24
reverse,24
products,24
être,24
stratego,24
obnoxious,24
liars,24
rails,24
lock,24
qualifies,24
ignoring,24
playability,24
spirit,24
monkeys,24
pray,24
designing,24
cardgame,24
ah,24
intelligence,24
yep,24
penalties,24
ensure,24
partie,24
named,24
rewrite,24
defensive,24
directions,24
warned,24
longest,24
comparing,24
visually,24
smoothly,24
zombicide,24
recover,24
intention,24
pushed,24
ios,24
armor,24
determining,24
accomplishment,24
toe,24
context,24
stinks,24
conversation,24
needing,24
rapidly,24
upkeep,24
activate,24
differently,24
dictated,24
method,24
unbelievably,24
treasures,24
bowl,24
nail,24
ripped,24
hates,24
crisis,24
alas,24
roads,24
music,24
realised,24
unforgiving,24
bsg,24
vanilla,24
hyped,24
helpful,24
vaguely,24
greatest,24
burning,24
bubble,24
raise,24
depressing,24
parties,24
exceedingly,24
tournament,24
cheese,24
deals,24
pretending,24
predict,24
happily,24
carefully,25
punch,25
tasks,25
construction,25
explaining,25
malo,25
replacement,25
warrant,25
deluxe,25
disguised,25
stickers,25
benefits,25
tiresome,25
genuinely,25
cest,25
beating,25
awhile,25
variations,25
dracula,25
twenty,25
perspective,25
dominoes,25
america,25
simulate,25
closest,25
disjointed,25
existence,25
follows,25
wouldve,25
wondering,25
dec,25
contracts,25
halfbaked,25
link,25
passable,25
shut,25
mucho,25
problematic,25
developer,25
hideous,25
roller,25
body,25
finnish,25
dig,25
coherent,25
whim,25
finger,25
reflect,25
specifically,25
juegos,25
n,25
currency,25
importantly,25
injury,25
aesthetics,25
weeks,25
complain,25
sided,25
rewarded,25
access,25
infinite,25
member,25
task,25
creature,25
competing,25
édition,25
searching,25
hundred,25
hunt,25
robot,25
adjacent,25
anytime,25
environment,25
marked,25
reglas,25
ser,26
camp,26
decipher,26
climbing,26
bugs,26
agony,26
sports,26
safe,26
shocked,26
unfinished,26
vast,26
spreadsheet,26
itd,26
load,26
gun,26
shown,26
mars,26
gross,26
automatic,26
associated,26
haunt,26
customer,26
dados,26
catching,26
assuming,26
remembering,26
involving,26
pencil,26
goodness,26
gotta,26
delivered,26
rng,26
flicking,26
shift,26
endlessly,26
knights,26
arbitrarily,26
alternate,26
incorrectly,26
thumbsup,26
conversion,26
experiment,26
encountered,26
wise,26
von,26
amongst,26
hmm,26
rise,26
recognize,26
optimize,26
women,26
claims,26
precious,26
rulebooks,26
whilst,26
combines,26
tempted,26
gem,26
proof,26
north,26
trees,26
warning,26
spite,26
downright,26
roborally,26
outright,26
completing,26
stones,26
mid,26
eclipse,26
yuk,26
growth,26
rail,26
newbies,26
charge,26
jan,26
opposed,26
guesses,26
soldiers,26
durée,26
weekend,26
waited,26
attempted,26
hints,26
moins,26
soul,26
infuriating,26
theyd,26
foot,26
blindly,26
adventures,26
speaking,26
needless,26
syndrome,27
cry,27
mana,27
decades,27
fingers,27
alert,27
automatically,27
gencon,27
lowered,27
community,27
latest,27
guide,27
robinson,27
sheep,27
thème,27
culture,27
murder,27
mat,27
unknown,27
tank,27
alliances,27
translation,27
error,27
knizias,27
license,27
ought,27
yard,27
quarter,27
technology,27
charades,27
sur,27
merit,27
asks,27
punishment,27
debt,27
villains,27
doomed,27
dirty,27
builds,27
paced,27
spoken,27
inevitable,27
successfully,27
engage,27
increases,27
pair,27
unacceptable,27
subjective,27
même,27
starstarstarstarstar,27
controlled,27
million,27
dollar,27
beware,27
beaten,27
mental,27
thrones,27
account,27
stripped,27
reprint,27
charts,27
bringing,27
introducing,27
alive,27
program,27
mercifully,27
mom,27
lcr,27
crime,27
cavalry,27
interminable,27
represents,27
lied,27
noise,27
arguing,27
threat,27
varying,27
impressive,27
everytime,27
samey,27
geography,27
fuck,27
comics,27
kit,27
blank,27
pretzels,27
brains,27
nexus,27
revealing,27
nostalgic,27
spinning,27
rage,27
rough,27
yikes,28
idiot,28
invented,28
models,28
purchasing,28
calculating,28
tour,28
publish,28
remembered,28
surprising,28
mr,28
stage,28
lol,28
swing,28
tetris,28
franchise,28
existing,28
dealing,28
receive,28
boys,28
underneath,28
hint,28
guarantee,28
steep,28
thumbs,28
crawler,28
whereas,28
electronic,28
promised,28
underdeveloped,28
inevitably,28
cmon,28
toys,28
lengthy,28
desperately,28
amazon,28
spy,28
gear,28
seek,28
auch,28
stated,28
todays,28
shares,28
clumsy,28
award,28
bump,28
gather,28
crt,28
fixes,28
pit,28
offering,28
loot,28
prices,28
journey,28
materials,28
reiner,28
tsuro,28
portion,28
holds,28
occasional,28
aber,28
dependant,28
sometime,28
kittens,28
caylus,28
backwards,28
mage,28
afterwards,28
resolved,28
derivative,28
baby,28
science,28
europe,29
prevents,29
ccgs,29
shouting,29
club,29
lego,29
roughly,29
winter,29
kickstarted,29
locked,29
unpredictable,29
semblance,29
defined,29
temple,29
helping,29
causing,29
wishing,29
legendary,29
faces,29
execute,29
bar,29
defies,29
ai,29
region,29
doctor,29
attached,29
unintuitive,29
arc,29
coup,29
weapon,29
brainless,29
strategyluck,29
gaining,29
calculate,29
cheaper,29
modifiers,29
wind,29
jack,29
lacked,29
overstays,29
input,29
stolen,29
probability,29
reduce,29
parity,29
families,29
post,29
gioco,29
consequences,29
expand,29
overwrought,29
excruciating,29
chinese,29
futility,29
fancy,29
roulette,29
occasions,30
boardgaming,30
aucun,30
poco,30
versus,30
auf,30
als,30
reviewed,30
someones,30
knight,30
serves,30
intriguing,30
bear,30
catchup,30
satisfaction,30
annoys,30
enjoys,30
dragging,30
breaking,30
organized,30
wwii,30
contains,30
clean,30
offered,30
dies,30
losses,30
burned,30
wanna,30
tanks,30
che,30
flipped,30
cylon,30
efforts,30
nine,30
alcohol,30
orange,30
refer,30
robots,30
toss,30
essential,30
oder,30
lore,30
grand,30
nuclear,30
accounting,30
unexciting,30
elementary,30
recognition,30
screwing,30
split,30
scalability,30
scifi,30
annoyingly,30
health,30
strike,30
fluff,30
memoir,30
alpha,30
naval,30
tutorial,30
slower,30
checking,30
loads,30
imperium,30
lighter,30
betrayal,30
inconsistent,30
wrote,30
playthrough,30
bank,30
careful,30
merlin,30
phone,30
custom,30
necessarily,30
efficient,30
wheres,30
salad,30
még,30
bone,30
cah,30
football,30
dans,30
font,30
outcomes,30
station,31
cheapass,31
races,31
originally,31
noticed,31
brand,31
glance,31
regard,31
website,31
suits,31
editions,31
saved,31
tears,31
halt,31
gloomhaven,31
slows,31
fundamental,31
data,31
grown,31
reputation,31
hugely,31
direct,31
excessive,31
teeth,31
sem,31
loop,31
spel,31
attacked,31
exploding,31
river,31
faq,31
inspired,31
dropping,31
nada,31
goofy,31
mas,31
spare,31
inability,31
fortunately,31
boot,31
coops,31
sticks,31
perform,31
aliens,31
asleep,31
unlock,31
stacked,31
shake,31
mal,31
trail,31
greater,31
jeux,31
guessed,31
girlfriend,31
site,31
dying,31
packed,31
husband,31
weakest,31
fucking,31
annoyance,31
borderline,32
blast,32
lives,32
casino,32
ruleset,32
nombres,32
ha,32
generate,32
invested,32
apply,32
elegance,32
martin,32
polish,32
accessible,32
significantly,32
enter,32
walls,32
avec,32
explore,32
sooner,32
birthday,32
dices,32
differences,32
este,32
eight,32
summary,32
deckbuilder,32
passive,32
spice,32
removes,32
grew,32
glorified,32
stressful,32
alien,32
static,32
painted,32
activities,32
messy,32
coupled,32
golden,32
tied,32
lovecraft,32
tactic,32
l,32
images,32
pleasant,32
rome,32
mitigation,32
omg,32
lackluster,32
jogo,32
screwage,32
dollars,32
rates,32
shared,32
nie,32
ops,32
misfortune,32
grace,32
west,32
affair,32
mit,32
select,33
lie,33
iron,33
knocked,33
introduce,33
desired,33
abstracts,33
underwhelming,33
remind,33
imagination,33
discarding,33
dear,33
patterns,33
stalemate,33
colorful,33
species,33
anticlimactic,33
flavour,33
vagy,33
tin,33
apparent,33
ghost,33
creatures,33
maximum,33
optimization,33
sorts,33
jenga,33
staring,33
sick,33
circle,33
sink,33
fool,33
strategically,33
hang,33
abandoned,33
dvd,33
magazine,33
afford,33
castles,33
argue,33
aged,33
planets,33
occur,33
manipulate,33
laughing,33
monotonous,33
continues,33
author,33
trust,33
contest,33
met,33
meg,33
study,33
convention,33
bright,33
vary,33
spi,34
spatial,34
realise,34
everyones,34
covered,34
confusion,34
applied,34
attrition,34
scripted,34
flimsy,34
volt,34
storage,34
glory,34
showing,34
orders,34
mouth,34
meat,34
begins,34
engaged,34
country,34
marvel,34
insanely,34
japanese,34
managing,34
memorize,34
fleet,34
active,34
youth,34
friendly,34
uninspiring,34
medium,34
avoided,34
examples,34
themeless,34
device,34
como,34
mins,34
tokyo,34
cumbersome,34
programming,34
reflects,34
slightest,34
source,34
halfstarnostarnostarnostarnostar,34
season,34
dad,34
caused,34
swap,34
format,35
houses,35
swings,35
related,35
property,35
imperial,35
intro,35
valuable,35
pigs,35
alot,35
aid,35
extent,35
mint,35
flying,35
manipulation,35
furthermore,35
states,35
theyve,35
lottery,35
patience,35
pnp,35
equivalent,35
limits,35
window,35
grinding,35
bunnies,35
raw,35
lowest,35
introduction,35
overcomplicated,35
overproduced,35
wide,35
relevant,35
initiative,35
bookkeeping,35
pretend,35
shipping,35
stayed,35
pathetic,35
simultaneously,35
remains,35
bids,35
distance,35
inferior,35
metal,35
regarding,35
basis,35
girls,35
crew,35
determines,35
android,35
squares,35
listed,35
hole,35
discussion,35
cares,35
compete,35
blow,35
marketing,35
miniature,35
asl,35
partner,35
ascension,35
fundamentally,35
encourage,36
cat,36
edge,36
playtest,36
date,36
plague,36
project,36
roleplaying,36
elsewhere,36
floor,36
instantly,36
fulfill,36
wargaming,36
devolves,36
blocked,36
truth,36
chosen,36
political,36
represent,36
economy,36
deeply,36
boat,36
lehet,36
focused,36
overlong,36
feld,36
rush,36
promise,36
buried,36
lovely,36
granted,36
upgrades,36
balancing,36
nur,36
connect,36
detail,36
vp,36
scheme,36
dozens,36
fake,36
glass,36
rewarding,36
month,36
kingmaker,36
held,36
ap,37
needlessly,37
involve,37
self,37
avoiding,37
aids,37
eliminate,37
becoming,37
citadels,37
cthulhu,37
hitting,37
backstabbing,37
additionally,37
een,37
status,37
joy,37
forgettable,37
credit,37
goodwill,37
eh,37
thoroughly,37
references,37
british,37
closet,37
sweet,37
strictly,37
exists,37
boats,37
misery,37
originality,37
switch,37
marginally,37
nasty,37
wear,37
incredible,37
suitable,38
response,38
whenever,38
hoped,38
grow,38
atmosphere,38
邦題,38
till,38
brutal,38
animal,38
jungle,38
reroll,38
members,38
rings,38
artillery,38
stacking,38
tense,38
rooms,38
presented,38
primary,38
guaranteed,38
vs,38
hear,38
trains,38
official,38
eurogame,38
popularity,38
linear,38
closer,38
manner,38
meeple,38
separate,38
incomplete,38
ice,38
introduced,38
aint,38
forcing,38
marbles,38
ranking,38
lesson,38
heads,38
feelings,38
rip,38
humorous,38
connection,38
aggressive,38
according,38
bucks,38
thinks,38
illusion,39
assume,39
alright,39
infantry,39
pressure,39
paralysis,39
shape,39
falling,39
sont,39
circumstances,39
forgotten,39
lay,39
fights,39
richer,39
humans,39
desert,39
logical,39
previously,39
detailed,39
topic,39
disadvantage,39
smaller,39
starhalfstarnostarnostarnostar,39
function,39
wiped,39
csak,39
latter,39
overwhelming,39
warhammer,39
progression,39
horse,39
relative,39
failing,39
het,39
critical,39
kick,39
stale,39
favourite,39
insult,39
slight,39
entertainment,39
overcome,39
für,39
figuring,39
deciding,39
info,39
snowball,39
alternative,40
profile,40
exploring,40
hes,40
bien,40
familiar,40
elses,40
stealing,40
road,40
bloody,40
deeper,40
accurate,40
dire,40
resulting,40
trigger,40
packs,40
ripoff,40
afraid,40
combine,40
remain,40
factory,40
simplicity,40
chutes,40
busy,40
unpleasant,40
exit,40
cosmic,40
bloated,40
grade,40
standing,40
ancient,40
twoplayer,40
themes,40
language,40
led,40
marker,40
tool,40
stacks,40
abysmal,40
minus,40
send,40
package,41
meets,41
penalty,41
toward,41
forgot,41
initially,41
qualities,41
pawn,41
suit,41
finishing,41
judge,41
ultimate,41
comic,41
shitty,41
owner,41
admittedly,41
den,41
approach,41
FALSE,41
dud,41
properties,41
sister,41
owning,41
sigh,41
holes,41
quests,41
decisionmaking,41
dragons,41
pachisi,41
yellow,41
germans,41
carry,41
battleship,41
tableau,41
surely,41
drink,42
loser,42
arguments,42
degree,42
fellow,42
del,42
madness,42
understanding,42
territory,42
teaches,42
describe,42
charity,42
tie,42
sequence,42
handful,42
tom,42
artificial,42
newer,42
horrid,42
service,42
mass,42
justify,42
rank,42
stronger,42
successful,42
remaining,42
hat,42
charm,42
descent,42
dicerolling,42
quicker,42
accomplish,42
promising,42
unfortunate,42
week,42
code,42
moon,42
creativity,42
cheating,42
mercy,42
earn,43
horrendous,43
dynamic,43
castle,43
substance,43
mini,43
completed,43
max,43
interactive,43
steam,43
pop,43
sight,43
headache,43
viable,43
express,43
visual,43
recommande,43
interactions,43
hadnt,43
tricktaking,43
evening,43
hide,43
grind,43
supposedly,43
pattern,43
russian,43
encourages,43
knock,43
bizarre,43
cartas,43
plot,43
mtg,43
grasp,43
suddenly,43
routes,43
equally,43
warfare,44
collectible,44
holy,44
wtf,44
solving,44
revised,44
piles,44
click,44
wed,44
simplified,44
door,44
yay,44
cheat,44
bin,44
straightforward,44
angry,44
pulling,44
stinker,44
logic,44
develop,44
holding,44
realistic,44
central,44
attempting,44
tables,44
bash,44
boxes,44
fly,44
repeated,44
town,44
simpler,44
eurogames,44
instance,44
dicefest,44
tolerable,44
smart,44
tight,44
voting,44
scored,44
provided,44
talked,44
gonna,44
hundreds,44
model,45
matches,45
wallace,45
greatly,45
wheel,45
positions,45
nowhere,45
invest,45
rockpaperscissors,45
payoff,45
surprise,45
wood,45
discover,45
men,45
tictactoe,45
severely,45
trap,45
brown,45
understood,45
insert,45
section,45
generous,45
reveal,45
storytelling,45
bridge,45
lying,46
brilliant,46
agreed,46
command,46
gmt,46
surprisingly,46
exceptions,46
blood,46
insane,46
overpriced,46
flight,46
creates,46
loud,46
jackson,46
interact,46
caught,46
identical,46
ball,46
decides,46
duration,46
effective,46
chain,46
soulless,46
jump,46
bluff,47
acquire,47
más,47
minimum,47
ass,47
press,47
scissors,47
revealed,47
ipad,47
prone,47
chose,47
entry,47
steve,47
pity,47
doom,47
directly,47
spots,47
luckily,47
olds,47
local,47
expectations,47
impressions,47
spread,47
described,47
survive,48
casual,48
fits,48
predictable,48
chrome,48
imho,48
prior,48
investment,48
overpowered,48
turd,48
allowing,48
ground,48
distribution,48
symbol,48
faction,48
speak,48
reaction,48
resolution,48
sum,48
view,48
hence,48
wasting,48
bore,48
followed,48
possibilities,48
realtime,48
merely,48
devoid,48
frequently,48
betting,48
exchange,48
gems,48
vastly,48
luckdriven,49
fault,49
defeat,49
challenges,49
itll,49
tabletop,49
educational,49
laid,49
factors,49
whose,49
removing,49
planet,49
calling,49
sounded,49
ran,49
produce,49
stars,49
page,49
bonuses,49
unsatisfying,49
sign,49
dominant,49
sheer,49
square,49
lotr,49
growing,49
confused,49
sin,49
leading,50
giant,50
everywhere,50
cold,50
blech,50
kinds,50
strongly,50
numerous,50
overhyped,50
muy,50
drive,50
kidding,50
unlikely,50
irrelevant,50
timing,50
eat,50
serve,50
resolve,50
involves,50
achieve,50
weapons,50
convince,51
improved,51
backed,51
annoyed,51
innovative,51
obscure,51
currently,51
tricks,51
movies,51
lazy,51
reminded,51
passed,51
rico,51
ratio,51
cross,51
anybody,51
universe,51
helped,51
illustrations,51
despise,51
intuitive,51
meet,51
reasonably,51
tends,51
possibility,51
vote,51
paths,51
field,51
sent,51
presentation,52
avalon,52
absurd,52
prototype,52
broke,52
relies,52
advance,52
structure,52
passing,52
brother,52
appropriate,52
mentioned,52
candy,52
tracks,52
sessions,52
titles,52
mood,52
affect,52
layout,52
includes,52
background,52
energy,52
wears,52
demo,52
grande,52
ring,52
business,52
helps,53
traditional,53
competition,53
gorgeous,53
compelling,53
tree,53
executed,53
unnecessarily,53
colours,53
clone,53
succeed,53
causes,53
human,53
axis,53
deserve,53
typically,53
sat,53
heres,53
gang,53
ignore,53
handle,53
spells,53
puts,53
watched,53
wonders,53
class,53
machine,53
ein,54
fill,54
crawl,54
creative,54
manages,54
consists,54
une,54
pool,54
died,54
tacked,54
replace,54
hexes,54
heck,54
saving,54
errata,54
nicely,54
regret,54
regardless,54
atrocious,54
stats,54
ich,54
mystery,54
shop,54
gotten,55
placed,55
civilization,55
pushyourluck,55
travel,55
troops,55
builder,55
galaxy,55
plans,55
picture,55
mad,55
conclusion,55
puerto,55
satisfying,55
defend,55
recent,55
opportunities,55
fate,55
attempts,55
whos,55
guns,55
civ,55
por,55
lousy,55
elegant,55
taught,56
hill,56
pawns,56
streamlined,56
nonexistent,56
maps,56
seven,56
checkers,56
updated,56
sea,56
animals,56
seemingly,56
solely,56
objectives,56
flaw,56
rock,56
eye,56
stone,57
opened,57
simultaneous,57
repeatedly,57
boss,57
trek,57
peoples,57
pages,57
earlier,57
potentially,57
testing,57
unfair,57
physical,57
paying,57
implementation,57
acceptable,57
dixit,57
ebay,57
stands,57
phases,57
throughout,57
corner,57
suggested,57
tedium,57
dust,58
implemented,58
ambiguous,58
wonderful,58
resistance,58
standards,58
matching,58
provides,58
bingo,58
humour,58
wall,58
wanting,58
appear,58
technically,58
pirates,58
fond,58
center,58
equal,58
burn,59
ruins,59
incentive,59
suffer,59
worthwhile,59
chits,59
attractive,59
filled,59
gathering,59
spinner,59
junk,59
master,59
punishing,59
lines,59
blocks,59
turning,59
bothered,59
concepts,59
encounters,59
touch,59
thankfully,59
teams,59
hot,59
pushing,59
creating,59
reasonable,59
larger,59
dozen,59
opening,59
nagyon,59
starter,59
mechanical,60
college,60
crowd,60
boils,60
mais,60
nostarnostarnostarnostarnostar,60
impressed,60
pack,60
min,60
leaders,60
loathe,60
errors,60
pulled,60
agency,60
éditeur,60
notice,60
replaced,61
exception,61
era,61
empire,61
mark,61
public,61
details,61
twilight,61
counts,61
reference,61
exploration,61
markers,61
deserves,61
bet,61
cases,61
systems,61
research,61
figured,61
frankly,61
nightmare,61
item,61
names,61
functional,61
choosing,61
dd,61
novel,61
equipment,61
leaving,62
usual,62
letters,62
imbalanced,62
lord,62
factions,62
sides,62
walk,62
mistakes,62
variation,63
bigger,63
pero,63
cons,63
digital,63
breaks,63
hits,63
tough,63
colored,63
chore,63
empty,63
hilarious,63
imo,63
enemies,63
indeed,63
wild,63
outdated,63
bleh,63
comparison,63
par,63
companies,63
steps,63
geek,63
recall,63
extreme,63
improvement,63
created,64
solved,64
asking,64
copies,64
deliver,64
developed,64
diplomacy,64
share,64
hasnt,64
ameritrash,64
opposite,64
occasionally,64
mitigate,65
rinse,65
yawn,65
shuffling,65
return,65
matters,65
offensive,65
variable,65
supply,65
vague,65
harsh,65
content,65
live,65
twist,65
increase,65
surprised,65
gateway,65
remotely,66
refuse,66
snakes,66
hopefully,66
laughs,66
largely,66
hurt,66
strength,66
period,66
explanation,66
term,66
blocking,66
skip,66
pros,66
wildly,66
water,66
killing,67
frustrated,67
respect,67
nongamers,67
prevent,67
capture,67
curve,67
allies,67
meeples,67
mode,67
letter,67
release,67
discovered,67
conflict,67
recommended,67
torture,67
food,67
practically,68
places,68
nowadays,68
der,68
slowly,68
evil,68
donated,68
fewer,68
cars,68
challenging,68
qui,68
inside,68
tech,68
green,68
est,68
brings,68
dragged,68
loose,69
drew,69
enjoying,69
gambling,69
premise,69
combinations,69
shuffle,69
paint,69
pace,69
suspect,69
unable,70
theory,70
perfectly,70
iconography,70
following,70
considered,70
heart,70
liking,70
runs,70
dropped,70
ffg,70
income,70
solution,70
blah,70
amounts,70
feature,70
destroyed,71
icons,71
drop,71
reality,71
tells,71
van,71
telling,71
manual,71
beer,71
upgrade,71
mixed,71
defense,71
novelty,71
awkward,71
christmas,71
analysis,71
relatively,71
agricola,71
explained,71
combo,72
attacking,72
individual,72
learned,72
killer,72
flipping,72
military,72
levels,72
ruin,72
versions,72
auctions,72
proper,72
chips,73
route,73
steal,73
coins,73
bang,73
tested,73
las,73
material,73
kingmaking,73
cube,73
destroy,73
colour,73
unlucky,74
sucked,74
weve,74
sheet,74
ridiculously,74
admit,75
moments,75
deckbuilding,75
audience,75
practice,75
older,75
trouble,75
benefit,75
folks,75
writing,75
pirate,75
american,75
fantastic,75
parents,75
vps,76
reduced,76
fully,76
include,76
print,76
rubbish,76
kills,76
favor,76
online,76
via,76
focus,77
search,77
honest,77
mildly,77
economic,77
impact,77
category,77
wooden,77
laying,77
nicht,77
missions,77
act,77
failure,77
features,77
moved,77
earth,77
dog,77
range,77
limit,78
designs,78
locations,78
dated,78
purely,78
island,78
keeps,78
expecting,78
actively,78
definition,78
variants,78
rich,78
books,78
instructions,78
timer,78
solid,78
compare,78
struggle,79
minor,79
egy,79
euros,79
placing,79
swingy,79
goods,79
disaster,79
unlike,80
happening,80
loves,80
los,80
thrift,80
combos,80
skills,80
thoughts,80
spell,80
anywhere,81
uses,81
claim,81
exact,81
massive,81
appealing,81
unnecessary,81
depends,81
essen,81
uninspired,81
fixed,81
scores,81
selling,81
unfun,81
brought,81
objective,82
areas,82
threw,82
arkham,82
thumbsdown,82
known,82
forth,82
worthless,82
mechanically,82
hex,82
car,83
ready,83
epic,83
optimal,83
months,83
gimmick,83
agree,83
intended,83
thematically,83
experiences,83
finding,83
necessary,83
purchased,83
treasure,83
produced,83
absolute,83
direction,83
mainly,84
meaning,84
dragon,84
subject,84
slog,84
boardgames,84
boy,84
thrown,84
younger,84
sake,85
odds,85
ticket,85
excuse,85
seconds,85
outside,85
grid,85
generic,85
talisman,85
fish,85
luckbased,85
wargames,85
roles,85
reach,85
chances,85
situations,85
harder,85
cities,85
armies,85
convinced,85
terrain,85
exist,86
white,86
playtesting,86
luckfest,86
humanity,86
unclear,86
loss,86
picking,86
solve,86
andor,86
tons,87
drinking,87
thank,87
miserable,87
forget,87
racing,87
spending,87
playtime,87
moment,87
tired,87
flawed,87
recently,88
flavor,88
flow,88
workers,88
previous,88
today,88
coin,88
constant,88
common,88
reminds,88
continue,88
non,88
tend,89
draft,89
aside,89
lasted,89
starstarstarstarnostar,89
flaws,89
received,89
hero,89
werewolf,89
paid,89
test,90
manage,90
odd,90
write,90
changed,90
throwing,90
shouldnt,90
description,90
hey,90
normally,90
begin,90
pour,90
shoot,91
appears,91
stopped,91
halfway,91
screwed,91
nonsense,91
quest,91
forces,91
painfully,91
changing,91
pas,91
cut,91
path,91
talking,91
shorter,92
knowledge,92
dreadful,92
significant,92
candyland,92
endless,92
rare,92
ist,92
highest,92
depending,92
carcassonne,92
hopes,92
printed,92
meaningless,92
knows,93
minimal,93
narrative,93
key,93
effectively,93
double,93
late,93
shit,93
teaching,94
stories,94
among,94
removed,94
train,94
superior,94
traitor,94
suggest,94
besides,94
follow,94
shallow,95
french,95
daughter,95
irritating,95
blue,95
rewards,95
lasts,95
escape,95
yuck,95
attention,95
spin,96
loses,96
shot,96
session,96
boards,96
remove,96
location,97
eyes,97
combined,97
settlers,97
clues,97
hogy,97
sound,97
normal,97
disliked,98
onto,98
leaves,98
ending,98
support,98
ruined,98
english,98
competitive,99
selection,99
reward,99
token,99
drunk,99
personal,99
memories,99
weight,99
das,99
utter,99
product,99
including,100
asked,100
tastes,100
dark,100
job,100
damn,100
encounter,100
ton,100
sale,100
shows,100
success,100
eg,101
bottom,101
released,101
scrabble,101
properly,101
correctly,101
attacks,101
rummy,101
working,102
ten,102
considering,102
typical,102
king,102
jokes,102
gamer,102
development,103
rollandmove,103
leads,103
built,103
starts,103
knizia,103
progress,103
una,103
reviews,103
pictures,103
simulation,104
somebody,104
játék,104
hardly,104
determined,104
excited,104
tower,104
para,104
ride,104
state,104
process,105
spot,105
playtested,105
advanced,105
stock,105
execution,105
gold,105
block,105
dealt,105
pursuit,105
purchase,105
grab,106
german,106
virtually,106
plenty,106
included,106
enemy,106
adult,106
reasons,106
mistake,106
stack,107
additional,107
thin,107
appreciate,107
amazing,107
cover,108
nature,108
require,108
pull,108
difficulty,108
costs,108
shelf,108
runaway,109
running,109
negotiation,109
engaging,109
knowing,109
endgame,109
heard,109
black,109
figures,109
army,109
managed,109
childhood,110
themed,110
rolled,110
missed,110
catan,110
hobby,110
boredom,110
component,110
pasted,110
majority,110
ladders,110
option,110
whoever,110
cardboard,110
easier,111
spiel,111
ratings,111
counting,111
welcome,111
deep,111
ccg,111
air,111
goals,111
starstarstarnostarnostar,111
personally,111
counter,111
told,112
purpose,112
nope,112
dominion,112
size,113
symbols,113
seeing,113
picked,113
fell,113
allowed,113
mix,114
failed,114
aspects,114
gone,114
apparently,115
obviously,115
publisher,115
secret,115
laugh,115
impression,115
graphic,116
miss,116
toy,116
strange,116
pain,116
discard,117
putting,117
battles,117
management,117
middle,117
items,117
falls,118
rpg,118
row,118
target,118
realized,118
poker,119
ages,119
fest,119
bag,119
improve,119
therefore,119
suffers,119
ask,119
suck,119
wargame,119
step,120
allows,120
scale,120
zombie,120
explain,120
provide,120
simplistic,120
bid,120
school,120
straight,120
crazy,121
fall,121
excellent,121
present,121
combination,121
killed,121
answers,121
happy,121
nostalgia,121
note,121
und,121
ie,122
mine,122
drafting,122
situation,122
likes,122
immediately,122
fans,122
amusing,122
screw,122
addition,123
excitement,123
meant,123
graphics,123
comment,123
werent,123
useful,124
keeping,124
lower,124
gain,124
published,124
groups,124
quit,124
yahtzee,124
adds,125
particular,126
apart,126
terms,126
sitting,126
saying,126
whatsoever,126
minute,126
lacks,126
became,127
across,127
mindless,127
youd,127
difference,127
mediocre,127
childrens,127
guys,127
glad,127
mention,128
everybody,128
joke,128
challenge,128
catch,128
experienced,128
sad,128
clunky,128
heavily,128
overrated,129
redeeming,129
lacking,129
days,129
taken,129
neither,129
movie,129
fair,129
stick,129
within,129
cash,129
fighting,129
wonder,129
offers,129
major,130
nobody,130
adventure,130
cause,130
worked,130
expected,131
terribly,131
talk,131
saw,131
drags,132
strong,132
store,132
guessing,133
collecting,133
starstarnostarnostarnostar,133
video,133
faster,133
towards,134
trash,134
red,134
realize,134
con,134
eliminated,134
unit,134
powerful,134
historical,134
coming,135
drag,135
eventually,135
condition,135
conditions,135
takethat,136
future,136
kinda,136
pandemic,136
willing,136
fix,136
joueurs,136
dependent,137
correct,138
current,138
values,138
legacy,138
home,138
perfect,138
kept,139
positive,139
mission,139
app,139
variety,139
doubt,139
death,139
brain,139
rarely,140
break,140
bluffing,140
arbitrary,141
expensive,141
honestly,141
sets,141
core,141
turned,142
list,142
force,142
head,142
owned,142
stuck,143
convoluted,143
consider,143
various,143
modern,143
chess,143
crappy,143
average,143
expect,143
colors,143
strategies,144
resource,144
des,144
buildings,144
sounds,144
rid,144
front,144
wasted,144
near,145
awesome,145
heroes,145
sadly,145
suppose,145
create,145
negative,145
frustration,145
hype,146
adding,146
learning,146
entertaining,147
replay,147
happened,147
beat,149
knew,149
fails,149
specific,149
boardgame,149
regular,149
determine,149
alone,150
trading,150
popular,150
issue,150
son,150
results,151
magic,151
fire,151
history,151
forward,151
cost,153
les,153
setting,153
drawn,153
puzzles,153
opportunity,153
collect,153
generally,153
compared,154
offer,154
bring,154
driven,154
title,154
effects,154
yeah,154
gift,154
scenarios,155
juego,155
position,155
horribly,155
types,155
biggest,155
somehow,155
clue,156
plain,156
somewhere,156
changes,156
form,156
wars,157
required,157
balanced,158
genre,158
tea,158
open,158
lead,158
city,158
tries,158
past,159
outcome,159
TRUE,159
push,159
engine,159
land,160
starnostarnostarnostarnostar,160
us,160
cubes,160
playable,161
nem,161
damage,161
thanks,161
deal,161
fit,161
finished,162
blind,163
edit,163
face,163
replayability,163
fail,164
standard,164
weird,165
speed,165
question,166
tactics,166
spaces,166
jeu,166
match,166
interested,167
upon,167
computer,167
looked,168
humor,168
horror,168
trivial,169
useless,170
comments,170
dead,170
decide,170
bland,170
role,171
goal,171
tension,172
planning,172
says,172
shame,172
bonus,172
hold,173
god,173
flip,173
thus,173
enjoyment,174
unique,174
ultimately,175
ahead,175
advantage,175
math,176
trick,176
cooperative,176
flat,176
particularly,176
social,177
adults,177
fantasy,177
six,177
length,177
anymore,178
company,178
monster,178
ridiculous,178
hands,178
desire,179
constantly,179
disappointment,179
allow,180
zombies,180
neat,180
tiny,180
auction,180
abilities,180
utterly,181
called,181
fairly,182
apples,182
cup,182
truly,183
taste,183
beginning,183
decks,183
effect,184
heavy,184
multiplayer,185
bidding,185
review,185
worker,185
campaign,186
losing,186
possibly,186
ship,187
theyre,187
night,187
whatever,187
somewhat,187
added,187
market,187
go,188
draws,189
powers,189
weak,189
leave,189
third,190
certainly,190
ugly,190
important,190
super,190
watching,190
hell,191
minis,191
fight,191
price,191
influence,192
exciting,192
loved,192
answer,193
free,193
requires,193
monsters,194
wants,194
meh,194
fluxx,195
soon,195
team,195
elimination,195
watch,196
save,196
nostar,196
bother,196
become,196
overly,196
badly,196
uninteresting,197
color,197
please,197
serious,198
check,198
lame,198
friend,199
call,199
cheap,200
cute,200
attempt,200
hidden,201
issues,201
guy,201
uno,201
designers,201
activity,202
favorite,202
wife,202
essentially,203
throw,203
paper,204
count,205
slightly,205
exactly,205
effort,205
large,206
potential,206
teach,206
traded,207
phase,207
youve,207
counters,207
mechanisms,208
giving,208
starting,208
buying,208
stand,208
sell,208
depth,209
event,209
variant,209
expansions,210
dungeon,210
lets,210
gives,212
literally,212
unplayable,212
thematic,212
parts,213
deduction,213
base,214
pile,214
ways,214
miniatures,214
garbage,214
gamers,216
painful,216
higher,216
repeat,217
stay,218
clear,218
man,218
main,219
general,219
ability,220
dumb,221
beyond,221
area,222
coop,222
highly,222
dexterity,223
pay,223
show,224
anyway,224
numbers,224
chaos,224
behind,225
whats,225
ships,225
events,225
final,225
disappointing,225
young,226
forced,227
expansion,228
per,228
bunch,229
oh,229
tactical,229
happen,230
child,230
name,230
appeal,231
scenario,231
hoping,232
euro,232
ago,233
despite,234
balance,234
five,235
recommend,235
words,236
initial,236
imagine,236
waiting,236
solitaire,237
havent,237
wish,237
memory,237
becomes,238
course,239
decided,239
sit,239
total,241
none,241
complexity,242
opinion,242
missing,242
kickstarter,243
clever,243
text,244
clearly,244
later,246
along,249
incredibly,250
bits,250
room,250
element,251
result,251
sometimes,252
wow,252
plan,253
confusing,253
whether,254
moves,254
power,254
beautiful,255
plastic,256
series,257
drawing,258
piece,258
factor,258
information,259
problems,259
ideas,259
entirely,259
extra,260
spent,260
available,260
disappointed,261
age,261
line,261
moving,262
started,262
word,264
using,264
tokens,265
case,265
works,265
forever,266
learn,266
strategic,267
feeling,267
placement,268
enjoyed,269
silly,269
went,269
race,269
needed,269
sucks,270
enjoyable,270
ends,272
filler,273
stop,273
units,273
believe,274
run,274
kill,274
multiple,274
reading,274
seriously,275
certain,275
sorry,276
ugh,277
decent,277
close,279
tell,280
supposed,280
choose,281
bgg,281
style,282
ok,282
example,283
day,283
exercise,283
barely,284
trivia,286
ended,286
randomly,288
solo,288
bored,289
characters,289
mean,289
rated,290
world,290
trade,292
okay,293
elements,293
yes,294
youll,294
fine,295
battle,295
likely,297
nearly,297
skill,297
thinking,298
came,299
character,299
designer,299
although,300
twice,300
quick,301
prefer,301
happens,301
movement,302
setup,303
figure,303
resources,304
pass,305
seen,306
tile,306
aspect,306
opponent,308
definitely,309
winner,310
house,311
star,311
finish,312
dry,313
zero,313
hit,314
involved,315
full,315
puzzle,316
matter,316
change,316
complicated,317
pure,318
ones,319
limited,320
classic,321
lack,322
collection,322
options,324
leader,325
overall,325
entire,325
rounds,327
attack,327
wouldnt,327
needs,328
otherwise,329
complex,329
impossible,329
pick,330
rest,331
level,331
finally,334
side,334
hated,335
munchkin,335
basic,336
production,337
goes,337
wait,338
wins,339
lucky,342
family,345
designed,345
year,345
mechanism,346
written,348
etc,349
perhaps,349
arent,351
comes,353
easily,354
let,354
meaningful,356
opponents,356
build,356
interest,356
crap,357
fast,358
copy,359
lost,361
story,361
means,362
liked,362
similar,363
unbalanced,364
dislike,367
together,370
chaotic,370
cannot,370
longer,371
mostly,372
repetitive,372
track,372
four,373
already,374
concept,374
unless,378
mess,378
sort,379
taking,379
spend,380
mind,382
choice,383
risk,385
said,386
rate,387
looks,387
usually,388
poorly,388
amount,388
early,389
care,392
actual,393
unfortunately,394
except,397
victory,398
downtime,400
special,400
children,401
plus,402
help,402
obvious,402
short,403
life,405
rolls,406
low,408
map,409
huge,411
book,413
especially,415
several,416
hope,418
questions,422
complete,425
stuff,425
couldnt,426
single,427
left,427
hour,430
difficult,430
seemed,430
slow,430
que,431
update,432
couple,434
gave,435
given,435
top,435
score,436
frustrating,437
done,441
fiddly,441
edition,442
rulebook,442
type,443
winning,443
war,445
often,447
able,448
due,449
decision,450
quickly,451
totally,452
abstract,453
possible,454
funny,459
stupid,461
avoid,463
pointless,463
friends,463
person,465
remember,468
sold,468
space,468
place,470
scoring,471
light,471
took,472
absolutely,473
original,479
small,479
must,480
tedious,481
value,481
anyone,489
sense,490
add,492
looking,492
half,493
yet,494
lots,494
seem,504
next,504
gaming,504
order,505
wasnt,507
fan,507
wrong,510
kid,511
bought,512
building,514
quality,514
waste,518
lose,527
tiles,530
randomness,533
rule,539
interaction,543
ill,543
party,544
understand,545
actions,547
come,552
years,557
problem,559
cool,560
combat,572
getting,572
guess,573
whole,574
used,574
start,575
artwork,579
wont,580
high,593
extremely,595
fact,597
rolling,598
tried,599
action,602
horrible,603
chance,608
read,610
others,610
number,613
control,614
reason,614
monopoly,614
worth,616
basically,617
annoying,619
pieces,620
three,621
part,623
table,625
second,630
round,634
choices,640
put,641
wanted,644
everything,644
look,646
keep,658
big,658
however,660
mechanic,665
poor,668
worse,669
old,673
dull,677
always,694
simply,703
hand,707
felt,710
easy,713
found,717
buy,729
making,736
box,751
either,751
use,758
system,759
set,760
group,764
thought,770
quite,772
new,776
bit,779
gets,791
feels,797
awful,799
last,802
takes,814
based,815
hard,816
deck,819
everyone,821
may,822
instead,824
sure,832
trying,833
less,835
art,839
real,841
die,846
kind,848
else,848
away,858
minutes,862
completely,862
broken,868
different,873
money,884
youre,903
say,903
probably,912
best,913
design,919
give,925
right,927
enjoy,933
hours,952
version,956
id,964
idea,965
love,965
back,967
since,974
things,983
around,984
maybe,986
simple,989
without,992
experience,992
anything,993
points,998
turns,1005
components,1011
someone,1026
thats,1030
seems,1030
isnt,1031
terrible,1032
draw,1040
try,1041
hate,1043
far,1048
worst,1054
least,1070
times,1074
need,1090
made,1094
point,1094
makes,1096
going,1102
find,1102
gameplay,1111
almost,1111
though,1113
nice,1114
work,1124
decisions,1154
might,1156
feel,1156
thing,1157
mechanics,1169
theres,1174
actually,1196
win,1200
plays,1204
every,1219
ive,1269
know,1282
got,1300
rather,1319
pretty,1325
move,1357
great,1362
something,1364
kids,1398
another,1401
doesnt,1411
rating,1426
enough,1442
cant,1455
still,1464
lot,1472
strategy,1485
end,1512
nothing,1530
take,1542
two,1660
didnt,1672
roll,1674
want,1682
also,1724
see,1762
well,1773
interesting,1773
little,1811
think,1825
im,1839
board,1914
turn,1983
ever,2057
luck,2120
could,2172
theme,2174
people,2197
many,2279
random,2350
never,2453
first,2513
make,2519
long,2564
dice,2597
better,2624
way,2764
boring,2799
bad,2847
player,3119
playing,3174
card,3244
would,3384
rules,3477
good,3525
even,3723
players,3790
time,3914
get,4150
dont,4211
fun,4423
really,4614
played,4777
much,4823
cards,5600
games,6067
one,6762
like,7237
play,10063
game,36330
